address,city,state,zip,price,sqft,bedrooms,bathrooms,days_on_zillow,sale_type,url
2212 Grouse Way,Union City,CA,94587,849000,1661.0,4.0,3.0,NA,House For Sale,http://www.zillow.com/homes/for_sale//homedetails/2212-Grouse-Way-Union-City-CA-94587/24920650_zpid/
3589 Crawdad Ct,Union City,CA,94587,649950,1098.0,3.0,2.0,51,House For Sale,http://www.zillow.com/homes/for_sale//homedetails/3589-Crawdad-Ct-Union-City-CA-94587/24990865_zpid/
2529 Trailside Way,Union City,CA,94587,1500000,2521.0,5.0,3.0,NA,House For Sale,http://www.zillow.com/homes/for_sale//homedetails/2529-Trailside-Way-Union-City-CA-94587/25004213_zpid/
114 Toyon Ln,Union City,CA,94587,890000,1772.0,3.0,3.0,NA,House For Sale,http://www.zillow.com/homes/for_sale//homedetails/114-Toyon-Ln-Union-City-CA-94587/24920887_zpid/
3025 San Andreas Dr,Union City,CA,94587,699900,1556.0,4.0,2.0,NA,House For Sale,http://www.zillow.com/homes/for_sale//homedetails/3025-San-Andreas-Dr-Union-City-CA-94587/24997873_zpid/
2721 Cherry Blossom Way,Union City,CA,94587,1230000,3088.0,6.0,4.0,5,House For Sale,http://www.zillow.com/homes/for_sale//homedetails/2721-Cherry-Blossom-Way-Union-City-CA-94587/25004067_zpid/
2533 Copa Del Oro Dr,Union City,CA,94587,409000,908.0,2.0,2.0,9,Condo For Sale,http://www.zillow.com/homes/for_sale//homedetails/2533-Copa-Del-Oro-Dr-Union-City-CA-94587/24994782_zpid/
31418 San Jacinto Ct,Union City,CA,94587,779000,1675.0,4.0,2.0,NA,House For Sale,http://www.zillow.com/homes/for_sale//homedetails/31418-San-Jacinto-Ct-Union-City-CA-94587/24998312_zpid/
3310 San Pablo Ct,Union City,CA,94587,699888,1349.0,3.0,2.0,9,House For Sale,http://www.zillow.com/homes/for_sale//homedetails/3310-San-Pablo-Ct-Union-City-CA-94587/25001692_zpid/
San Pablo Ct,Union City,CA,94587,NA,1349.0,3.0,2.0,51,Pre-Foreclosure (Auction),"http://www.zillow.com/homes/for_sale/128641147_zpid/any_days/globalrelevanceex_sort/29.759534,-95.335321,29.675003,-95.502863_rect/12_zm/"
4348 Remora Dr,Union City,CA,94587,1025000,2298.0,5.0,3.0,NA,House For Sale,http://www.zillow.com/homes/for_sale//homedetails/4348-Remora-Dr-Union-City-CA-94587/24996539_zpid/
32924 Regents Blvd,Union City,CA,94587,1050000,2762.0,0.0,NA,NA,Coming Soon,http://www.zillow.com/homes/for_sale//homedetails/32924-Regents-Blvd-Union-City-CA-94587/25052857_zpid/
5513 Alvelais Dr,Union City,CA,94587,1299000,3198.0,4.0,4.0,NA,House For Sale,http://www.zillow.com/homes/for_sale//homedetails/5513-Alvelais-Dr-Union-City-CA-94587/54790391_zpid/
Montair Way,Union City,CA,94587,NA,2710.0,4.0,3.0,23,Pre-Foreclosure,"http://www.zillow.com/homes/for_sale/132614253_zpid/any_days/globalrelevanceex_sort/29.759534,-95.335321,29.675003,-95.502863_rect/12_zm/"
Niland St,Union City,CA,94587,NA,3367.0,4.0,4.0,23,Pre-Foreclosure,"http://www.zillow.com/homes/for_sale/132730110_zpid/any_days/globalrelevanceex_sort/29.759534,-95.335321,29.675003,-95.502863_rect/12_zm/"
4394 Planet Cir,Union City,CA,94587,539900,1342.0,4.0,2.0,19,House For Sale,http://www.zillow.com/homes/for_sale//homedetails/4394-Planet-Cir-Union-City-CA-94587/24998451_zpid/
San Carvante Way,Union City,CA,94587,NA,1762.0,3.0,2.0,27,Pre-Foreclosure,"http://www.zillow.com/homes/for_sale/129600232_zpid/any_days/globalrelevanceex_sort/29.759534,-95.335321,29.675003,-95.502863_rect/12_zm/"
Nickel St,Union City,CA,94587,NA,2472.0,3.0,2.5,27,Pre-Foreclosure,"http://www.zillow.com/homes/for_sale/127017209_zpid/any_days/globalrelevanceex_sort/29.759534,-95.335321,29.675003,-95.502863_rect/12_zm/"
Brockway Ct,Union City,CA,94587,NA,1871.0,4.0,2.5,24,Pre-Foreclosure,"http://www.zillow.com/homes/for_sale/132614255_zpid/any_days/globalrelevanceex_sort/29.759534,-95.335321,29.675003,-95.502863_rect/12_zm/"
31123 Alvarado Niles Rd,Union City,CA,94587,479000,1129.0,2.0,2.0,NA,Townhouse For Sale,http://www.zillow.com/homes/for_sale//homedetails/31123-Alvarado-Niles-Rd-Union-City-CA-94587/2137098078_zpid/
35540 Monterra Ter APT 102,Union City,CA,94587,548000,1023.0,2.0,2.0,26,Condo For Sale,http://www.zillow.com/homes/for_sale//homedetails/35540-Monterra-Ter-APT-102-Union-City-CA-94587/58877975_zpid/
2145 Medallion Dr APT 1,Union City,CA,94587,400000,945.0,2.0,1.0,NA,Condo For Sale,http://www.zillow.com/homes/for_sale//homedetails/2145-Medallion-Dr-APT-1-Union-City-CA-94587/24995095_zpid/
32420 Edith Way,Union City,CA,94587,789000,1463.0,4.0,2.0,19,House For Sale,http://www.zillow.com/homes/for_sale//homedetails/32420-Edith-Way-Union-City-CA-94587/24999680_zpid/
4118 Venus Pl,Union City,CA,94587,499500,1214.0,3.0,2.0,12,Townhouse For Sale,http://www.zillow.com/homes/for_sale//homedetails/4118-Venus-Pl-Union-City-CA-94587/25000092_zpid/
2438 Clover St,Union City,CA,94587,839888,1766.0,3.0,3.0,NA,House For Sale,http://www.zillow.com/homes/for_sale//homedetails/2438-Clover-St-Union-City-CA-94587/24918450_zpid/
4472 Madrid Ct,Union City,CA,94587,529900,1155.0,3.0,2.0,18,Townhouse For Sale,http://www.zillow.com/homes/for_sale//homedetails/4472-Madrid-Ct-Union-City-CA-94587/24999189_zpid/
2898 Pelican Dr,Union City,CA,94587,808900,1544.0,4.0,2.0,NA,House For Sale,http://www.zillow.com/homes/for_sale//homedetails/2898-Pelican-Dr-Union-City-CA-94587/24994711_zpid/
33200 11th St,Union City,CA,94587,875000,2688.0,4.0,3.0,17,House For Sale,http://www.zillow.com/homes/for_sale//homedetails/33200-11th-St-Union-City-CA-94587/89033477_zpid/
5621 Pacific Grove Way,Union City,CA,94587,1035000,2236.0,4.0,3.0,23,House For Sale,http://www.zillow.com/homes/for_sale//homedetails/5621-Pacific-Grove-Way-Union-City-CA-94587/24997118_zpid/
2514 Barclay Ave,Union City,CA,94587,184888,1040.0,2.0,2.0,86,House For Sale,http://www.zillow.com/homes/for_sale//homedetails/2514-Barclay-Ave-Union-City-CA-94587/24996178_zpid/
2145 Medallion Dr APT 2,Union City,CA,94587,423000,1134.0,3.0,1.5,2651,Foreclosed,http://www.zillow.com/homes/for_sale//homedetails/2145-Medallion-Dr-APT-2-Union-City-CA-94587/24995096_zpid/
2134 Swan Ct APT 1,Union City,CA,94587,331000,810.0,2.0,1.0,3212,Foreclosed,http://www.zillow.com/homes/for_sale//homedetails/2134-Swan-Ct-APT-1-Union-City-CA-94587/24919134_zpid/
32672 Brenda Way APT 2,Union City,CA,94587,344000,903.0,2.0,1.5,2314,Foreclosed,http://www.zillow.com/homes/for_sale//homedetails/32672-Brenda-Way-APT-2-Union-City-CA-94587/24995198_zpid/
32608 Brenda Way APT 1,Union City,CA,94587,325000,810.0,2.0,1.0,3525,Foreclosed,http://www.zillow.com/homes/for_sale//homedetails/32608-Brenda-Way-APT-1-Union-City-CA-94587/24995054_zpid/
32625 Brenda Way APT 1,Union City,CA,94587,330000,810.0,2.0,1.0,2718,Foreclosed,http://www.zillow.com/homes/for_sale//homedetails/32625-Brenda-Way-APT-1-Union-City-CA-94587/24995170_zpid/
34877 Rumford Ter,Union City,CA,94587,600000,1492.0,3.0,2.5,3229,Foreclosed,http://www.zillow.com/homes/for_sale//homedetails/34877-Rumford-Ter-Union-City-CA-94587/24919323_zpid/
511 Tamarack Dr APT 7,Union City,CA,94587,435000,1072.0,2.0,1.5,3223,Foreclosed,http://www.zillow.com/homes/for_sale//homedetails/511-Tamarack-Dr-APT-7-Union-City-CA-94587/24920078_zpid/
2189 Medallion Dr APT 1,Union City,CA,94587,380000,945.0,2.0,1.0,2664,Foreclosed,http://www.zillow.com/homes/for_sale//homedetails/2189-Medallion-Dr-APT-1-Union-City-CA-94587/24995103_zpid/
2265 Medallion Dr,Union City,CA,94587,319000,810.0,2.0,1.0,2642,Foreclosed,http://www.zillow.com/homes/for_sale//homedetails/2265-Medallion-Dr-Union-City-CA-94587/24995150_zpid/
34800 Starling Dr APT 2,Union City,CA,94587,351000,903.0,2.0,1.0,2757,Foreclosed,http://www.zillow.com/homes/for_sale//homedetails/34800-Starling-Dr-APT-2-Union-City-CA-94587/24918387_zpid/
2627 Parkside Dr,Union City,CA,94587,289995,1400.0,4.0,2.0,89,For Sale by Owner,http://www.zillow.com/homes/for_sale//homedetails/2627-Parkside-Dr-Union-City-CA-94587/2095207180_zpid/
33735 Railroad Ave,Union City,CA,94587,695000,1800.0,4.0,3.0,39,House For Sale,http://www.zillow.com/homes/for_sale//homedetails/33735-Railroad-Ave-Union-City-CA-94587/58878905_zpid/
3rd St,Union City,CA,94587,NA,1757.0,4.0,2.0,31,Pre-Foreclosure (Auction),"http://www.zillow.com/homes/for_sale/128652949_zpid/any_days/globalrelevanceex_sort/29.759534,-95.335321,29.675003,-95.502863_rect/12_zm/"
Novato St,Union City,CA,94587,NA,4146.0,8.0,5.0,51,Pre-Foreclosure,"http://www.zillow.com/homes/for_sale/128932179_zpid/any_days/globalrelevanceex_sort/29.759534,-95.335321,29.675003,-95.502863_rect/12_zm/"
Lois Way,Union City,CA,94587,652000,1340.0,3.0,2.0,46,Pre-Foreclosure,"http://www.zillow.com/homes/for_sale/116846072_zpid/any_days/globalrelevanceex_sort/29.759534,-95.335321,29.675003,-95.502863_rect/12_zm/"
240 Famoso Plz,Union City,CA,94587,398369,880.0,2.0,2.0,56,Condo For Sale,http://www.zillow.com/homes/for_sale//homedetails/240-Famoso-Plz-Union-City-CA-94587/24919827_zpid/
Travertine Way,Union City,CA,94587,750000,1551.0,3.0,2.5,366,Pre-Foreclosure (Auction),"http://www.zillow.com/homes/for_sale/124203751_zpid/any_days/globalrelevanceex_sort/29.759534,-95.335321,29.675003,-95.502863_rect/12_zm/"
Viejo Way,Union City,CA,94587,442000,1155.0,3.0,2.5,437,Pre-Foreclosure (Auction),"http://www.zillow.com/homes/for_sale/125083855_zpid/any_days/globalrelevanceex_sort/29.759534,-95.335321,29.675003,-95.502863_rect/12_zm/"
University Dr,Union City,CA,94587,NA,1557.0,4.0,3.0,83,Pre-Foreclosure,"http://www.zillow.com/homes/for_sale/128855452_zpid/any_days/globalrelevanceex_sort/29.759534,-95.335321,29.675003,-95.502863_rect/12_zm/"
Bel Estos Way,Union City,CA,94587,NA,1155.0,3.0,1.5,324,Pre-Foreclosure,"http://www.zillow.com/homes/for_sale/126728580_zpid/any_days/globalrelevanceex_sort/29.759534,-95.335321,29.675003,-95.502863_rect/12_zm/"
Vallejo St,Union City,CA,94587,NA,2744.0,3.0,1.5,53,Pre-Foreclosure,"http://www.zillow.com/homes/for_sale/128925573_zpid/any_days/globalrelevanceex_sort/29.759534,-95.335321,29.675003,-95.502863_rect/12_zm/"
Horner St,Union City,CA,94587,542000,1432.0,4.0,2.5,283,Pre-Foreclosure (Auction),"http://www.zillow.com/homes/for_sale/116846098_zpid/any_days/globalrelevanceex_sort/29.759534,-95.335321,29.675003,-95.502863_rect/12_zm/"
Jean Dr,Union City,CA,94587,894000,2770.0,5.0,3.0,499,Pre-Foreclosure (Auction),"http://www.zillow.com/homes/for_sale/116850599_zpid/any_days/globalrelevanceex_sort/29.759534,-95.335321,29.675003,-95.502863_rect/12_zm/"
3rd St,Union City,CA,94587,521000,858.0,2.0,1.0,59,Pre-Foreclosure,"http://www.zillow.com/homes/for_sale/125849226_zpid/any_days/globalrelevanceex_sort/29.759534,-95.335321,29.675003,-95.502863_rect/12_zm/"
Regents Blvd,Union City,CA,94587,NA,1274.0,3.0,2.0,81,Pre-Foreclosure,"http://www.zillow.com/homes/for_sale/128860915_zpid/any_days/globalrelevanceex_sort/29.759534,-95.335321,29.675003,-95.502863_rect/12_zm/"
Meridien Cir,Union City,CA,94587,NA,2847.0,4.0,3.0,303,Pre-Foreclosure (Auction),"http://www.zillow.com/homes/for_sale/126883876_zpid/any_days/globalrelevanceex_sort/29.759534,-95.335321,29.675003,-95.502863_rect/12_zm/"
Washington Ave,Union City,CA,94587,NA,1452.0,3.0,2.0,135,Pre-Foreclosure (Auction),"http://www.zillow.com/homes/for_sale/126897454_zpid/any_days/globalrelevanceex_sort/29.759534,-95.335321,29.675003,-95.502863_rect/12_zm/"
Meridien Cir,Union City,CA,94587,913000,2905.0,5.0,3.0,72,Pre-Foreclosure (Auction),"http://www.zillow.com/homes/for_sale/116838444_zpid/any_days/globalrelevanceex_sort/29.759534,-95.335321,29.675003,-95.502863_rect/12_zm/"
Bronze St,Union City,CA,94587,1080000,3569.0,5.0,3.5,40,Pre-Foreclosure (Auction),"http://www.zillow.com/homes/for_sale/117331966_zpid/any_days/globalrelevanceex_sort/29.759534,-95.335321,29.675003,-95.502863_rect/12_zm/"
San Carlos Way,Union City,CA,94587,745000,2120.0,5.0,3.0,107,Pre-Foreclosure (Auction),"http://www.zillow.com/homes/for_sale/124402003_zpid/any_days/globalrelevanceex_sort/29.759534,-95.335321,29.675003,-95.502863_rect/12_zm/"
Apollo Cir,Union City,CA,94587,491000,1583.0,4.0,2.5,373,Pre-Foreclosure (Auction),"http://www.zillow.com/homes/for_sale/120556486_zpid/any_days/globalrelevanceex_sort/29.759534,-95.335321,29.675003,-95.502863_rect/12_zm/"
Sorrento Way,Union City,CA,94587,840000,2258.0,4.0,3.0,342,Pre-Foreclosure (Auction),"http://www.zillow.com/homes/for_sale/116838440_zpid/any_days/globalrelevanceex_sort/29.759534,-95.335321,29.675003,-95.502863_rect/12_zm/"
Tamarack Dr,Union City,CA,94587,765000,2721.0,4.0,3.0,612,Pre-Foreclosure (Auction),"http://www.zillow.com/homes/for_sale/116826556_zpid/any_days/globalrelevanceex_sort/29.759534,-95.335321,29.675003,-95.502863_rect/12_zm/"
Lamprey Dr,Union City,CA,94587,856000,2151.0,5.0,3.0,530,Pre-Foreclosure (Auction),"http://www.zillow.com/homes/for_sale/116845052_zpid/any_days/globalrelevanceex_sort/29.759534,-95.335321,29.675003,-95.502863_rect/12_zm/"
I St,Union City,CA,94587,NA,985.0,2.0,1.0,152,Pre-Foreclosure,"http://www.zillow.com/homes/for_sale/128641148_zpid/any_days/globalrelevanceex_sort/29.759534,-95.335321,29.675003,-95.502863_rect/12_zm/"
Rose Way,Union City,CA,94587,880000,2380.0,4.0,2.5,601,Pre-Foreclosure (Auction),"http://www.zillow.com/homes/for_sale/124464092_zpid/any_days/globalrelevanceex_sort/29.759534,-95.335321,29.675003,-95.502863_rect/12_zm/"
Ruth Way,Union City,CA,94587,NA,1566.0,4.0,2.0,186,Pre-Foreclosure (Auction),"http://www.zillow.com/homes/for_sale/126897451_zpid/any_days/globalrelevanceex_sort/29.759534,-95.335321,29.675003,-95.502863_rect/12_zm/"
Cheryl Ct,Union City,CA,94587,714000,1880.0,4.0,2.5,255,Pre-Foreclosure (Auction),"http://www.zillow.com/homes/for_sale/125775397_zpid/any_days/globalrelevanceex_sort/29.759534,-95.335321,29.675003,-95.502863_rect/12_zm/"
4921 Colusa St,Union City,CA,94587,798888,1409.0,4.0,2.0,39,House For Sale,http://www.zillow.com/homes/for_sale//homedetails/4921-Colusa-St-Union-City-CA-94587/25053184_zpid/
30826 Vallejo St,Union City,CA,94587,699950,1336.0,3.0,2.0,NA,House For Sale,http://www.zillow.com/homes/for_sale//homedetails/30826-Vallejo-St-Union-City-CA-94587/24997242_zpid/
30699 Chimney Ln,Union City,CA,94587,685000,1412.0,4.0,2.0,51,House For Sale,http://www.zillow.com/homes/for_sale//homedetails/30699-Chimney-Ln-Union-City-CA-94587/24991004_zpid/
33511 8th St,Union City,CA,94587,500000,1114.0,3.0,2.0,275,Auction,http://www.zillow.com/homes/for_sale//homedetails/33511-8th-St-Union-City-CA-94587/25002585_zpid/
8th St,Union City,CA,94587,NA,1114.0,3.0,2.0,289,Pre-Foreclosure (Auction),"http://www.zillow.com/homes/for_sale/126897453_zpid/any_days/globalrelevanceex_sort/29.759534,-95.335321,29.675003,-95.502863_rect/12_zm/"
Balmoral St,Union City,CA,94587,628000,1492.0,3.0,2.0,299,Pre-Foreclosure (Auction),"http://www.zillow.com/homes/for_sale/116845041_zpid/any_days/globalrelevanceex_sort/29.759534,-95.335321,29.675003,-95.502863_rect/12_zm/"
3142 San Angelo Way,Union City,CA,94587,800000,1675.0,4.0,2.0,40,House For Sale,http://www.zillow.com/homes/for_sale//homedetails/3142-San-Angelo-Way-Union-City-CA-94587/24997591_zpid/
4716 Finn Cove Ct,Union City,CA,94587,1075000,2992.0,5.0,3.0,70,House For Sale,http://www.zillow.com/homes/for_sale//homedetails/4716-Finn-Cove-Ct-Union-City-CA-94587/24996834_zpid/
4120 Asimuth Cir,Union City,CA,94587,456000,1390.0,3.0,1.0,42,Auction,http://www.zillow.com/homes/for_sale//homedetails/4120-Asimuth-Cir-Union-City-CA-94587/25000059_zpid/
Asimuth Cir,Union City,CA,94587,451000,1390.0,3.0,1.5,307,Pre-Foreclosure (Auction),"http://www.zillow.com/homes/for_sale/118427086_zpid/any_days/globalrelevanceex_sort/29.759534,-95.335321,29.675003,-95.502863_rect/12_zm/"
2238 Eric Ct APT 2,Union City,CA,94587,479999,1134.0,3.0,2.0,104,Condo For Sale,http://www.zillow.com/homes/for_sale//homedetails/2238-Eric-Ct-APT-2-Union-City-CA-94587/24995128_zpid/
4404 Alamo St,Union City,CA,94587,499000,1054.0,2.0,2.0,238,Townhouse For Sale,http://www.zillow.com/homes/for_sale//homedetails/4404-Alamo-St-Union-City-CA-94587/24999244_zpid/
33051 Arizona St,Union City,CA,94587,785000,1550.0,4.0,2.0,60,House For Sale,http://www.zillow.com/homes/for_sale//homedetails/33051-Arizona-St-Union-City-CA-94587/24995675_zpid/
4524 Niland St,Union City,CA,94587,1295000,3160.0,5.0,4.0,74,For Sale by Owner,http://www.zillow.com/homes/for_sale//homedetails/4524-Niland-St-Union-City-CA-94587/79534088_zpid/
4430 Holt St,Union City,CA,94587,787000,1814.0,4.0,2.5,142,Auction,http://www.zillow.com/homes/for_sale//homedetails/4430-Holt-St-Union-City-CA-94587/25054625_zpid/
Holt St,Union City,CA,94587,780000,1814.0,4.0,2.5,153,Pre-Foreclosure (Auction),"http://www.zillow.com/homes/for_sale/124414275_zpid/any_days/globalrelevanceex_sort/29.759534,-95.335321,29.675003,-95.502863_rect/12_zm/"
1238 H St,Union City,CA,94587,794999,NA,0.0,NA,NA,Apartment For Sale,http://www.zillow.com/homes/for_sale//homedetails/1238-H-St-Union-City-CA-94587/25003183_zpid/
0 Florence Dr,Union City,CA,94587,1600000,NA,NA,NA,43,Lot/Land For Sale,http://www.zillow.com/homes/for_sale//homedetails/0-Florence-Dr-Union-City-CA-94587/2099350233_zpid/
3504 Barnacle Ct,Union City,CA,94587,895000,2164.0,4.0,3.0,NA,House For Sale,http://www.zillow.com/homes/for_sale//homedetails/3504-Barnacle-Ct-Union-City-CA-94587/69229556_zpid/
